Episode,Duration,Reward,Confidence,Success_Rate,Exploration_Rate,Q_Value
1,19,19.0,-0.1104692404991702,0.0,0.9,-0.1206867334089781
2,15,15.0,-0.10117324416836103,0.0,0.8800503399422968,-0.11032776311039924
3,17,17.0,-0.10870729321066071,0.0,0.864631895692805,-0.11539197362521116
4,15,15.0,-0.11805199310183526,0.0,0.8475036005813545,-0.13041281799475352
5,28,28.0,-0.09652084790702377,0.0,0.8326897221782839,-0.10094410633402211
6,13,13.0,-0.10954015386792329,0.0,0.8057694349844808,-0.1148308226122306
7,15,15.0,-0.09916365966200828,0.0,0.7935874285347968,-0.10446258261799812
8,9,9.0,-0.13158701981107393,0.0,0.7797750598629355,-0.14625548985269335
9,22,22.0,-0.00209114216638475,0.0,0.7716110988244141,-0.02961587622253732
10,9,9.0,0.09177194991045529,0.0,0.7520371686958509,0.03172160912719038
11,14,14.0,0.16435771914465086,0.0,0.7441835102083942,0.09159253990011555
12,17,17.0,0.2871016316554126,0.0,0.7321409782681068,0.17852101606481216
13,13,13.0,0.40391757167302644,0.0,0.7177984119566649,0.2732829394248816
14,31,31.0,0.5066611920633624,0.0,0.7070343823664608,0.3804567124574415
15,20,20.0,0.6124369174242019,0.0,0.6820612787439057,0.48239605575799943
16,12,12.0,0.9202744662761688,0.0,0.6664556301682341,0.7536391119162241
17,13,13.0,0.8474510449629563,0.0,0.6572778015142574,0.7086983460646409
18,9,9.0,1.1013906995455425,0.0,0.6474892843391105,0.954077058368259
19,11,11.0,1.149738696488467,0.0,0.6408051983699425,1.0243923284790732
20,25,25.0,1.0717066836357116,0.0,0.6327372213466493,0.9915053081512452
21,11,11.0,1.2133232355117798,0.0,0.6148082818955701,1.1290809457952327
22,9,9.0,1.3013463616371155,0.0,0.6070953161778144,1.2384350962109036
23,9,9.0,1.2833876411120098,0.0,0.6008631157284422,1.216948025756412
24,17,17.0,1.226376077708076,0.0,0.5947006346274709,1.1495109971831827
25,13,13.0,1.3362867465386024,0.0,0.583247862809153,1.2639307058774507
26,11,11.0,1.3953467499126087,0.0,0.574652610602169,1.3158021731810137
27,11,11.0,1.4031333056363193,0.0,0.56748800673743,1.3083876263011585
28,11,11.0,1.4600859772075305,0.0,0.5604212419904261,1.3686926039782437
29,12,12.0,1.5349245369434357,0.0,0.5534509802798969,1.4619446396827698
30,11,11.0,1.6121737957000732,0.0,0.5459555716785925,1.5473565730181607
31,13,13.0,1.5993788425738995,0.0,0.5391828517229843,1.5037426948547363
32,11,11.0,1.6888582489707253,0.0,0.531297869373987,1.6104572794654153
33,15,15.0,1.648093032836914,0.0,0.5247253135430923,1.538781468073527
34,15,15.0,1.7199312527974446,0.0,0.5159071426099949,1.606294822692871
35,11,11.0,1.832524765621532,0.0,0.5072527719554734,1.755162325772372
36,15,15.0,1.8601897875467936,0.0,0.501008573583231,1.7378023942311605
37,11,11.0,1.921025438742204,0.0,0.4926309485004928,1.8443436514247546
38,11,11.0,1.9624534520235928,0.0,0.48658642429496207,1.8700373281132092
39,10,10.0,1.9973852276802062,0.0,0.48062444351075106,1.910824680328369
40,8,8.0,2.0096163898706436,0.0,0.47527514076124927,1.9259798377752304
41,11,11.0,2.077439719980413,0.0,0.47104358240832894,1.9958805712786587
42,10,10.0,2.1085209965705873,0.0,0.4652938531269213,2.0265024065971375
43,13,13.0,2.1129129024652333,0.0,0.460134990029714,2.0338211884865394
44,11,11.0,2.148613452911377,0.0,0.4535241549489255,2.067276651209051
45,11,11.0,2.1984289559451016,0.0,0.4480136692262979,2.120662667534568
46,10,10.0,2.2615455865859984,0.0,0.4425784341485867,2.1602086305618284
47,11,11.0,2.2996294498443604,0.0,0.4377017465177933,2.216079451821067
48,10,10.0,2.3691985845565795,0.0,0.43240733003089304,2.2736241817474365
49,13,13.0,2.394273519515991,0.0,0.4276569898846472,2.2969298912928653
50,13,13.0,2.4562389117020826,0.0,0.42156965732847207,2.367653828400832
51,13,13.0,2.5480369604550877,0.0,0.4155804445440529,2.4288676518660326
52,10,10.0,2.522549796104431,0.0,0.4096877699700865,2.438309097290039
53,11,11.0,2.5766554962504995,0.0,0.40521965673160715,2.505009564486417
54,11,11.0,2.713900934566151,0.0,0.4003688124319296,2.615123683756048
55,12,12.0,2.682998458544413,0.0,0.3955842107795092,2.6035552422205606
56,10,10.0,2.6687165975570677,0.0,0.39043913217719595,2.60932776927948
57,15,15.0,2.763054052988688,0.0,0.38621012935760096,2.6879469712575275
58,10,10.0,2.7700459003448485,0.0,0.37996492122242326,2.696760725975037
59,19,19.0,2.753731049989399,0.0,0.37586603114097766,2.6878729619477926
60,11,11.0,2.8814643296328457,0.0,0.36821789402848887,2.817330338738181
61,10,10.0,2.961421847343445,0.0,0.36387234211982916,2.9032828569412232
62,13,13.0,2.981482359079214,0.0,0.3599733572665639,2.9357280181004453
63,10,10.0,3.074483132362366,0.0,0.35497699559505885,3.0092926263809203
64,14,14.0,3.0885033096585954,0.0,0.35118851051100036,3.0328711100987027
65,16,16.0,3.151389256119728,0.0,0.34596356321026794,3.1055716425180435
66,10,10.0,3.245372462272644,0.0,0.34010309200584465,3.198970890045166
67,10,10.0,3.2818487882614136,0.0,0.3364993735196061,3.2388724803924562
68,11,11.0,3.2739859277551826,0.0,0.3329404211433676,3.225702480836348
69,16,16.0,3.3476191759109497,0.0,0.3290766148954811,3.291855290532112
70,11,11.0,3.4043637839230625,0.0,0.32355052767149084,3.3510650287974966
71,9,9.0,3.436252964867486,0.0,0.31981494887487133,3.3680374887254505
72,13,13.0,3.392156014075646,0.0,0.31679654107858574,3.3512784150930552
73,10,10.0,3.4626635313034058,0.0,0.31249613273481686,3.401822829246521
74,18,18.0,3.5993688768810697,0.0,0.3092353534044004,3.547649198108249
75,11,11.0,3.577227462421764,0.0,0.30346768751540426,3.522591244090687
76,19,19.0,3.738829261378238,0.0,0.30000635798637554,3.70337270435534
77,12,12.0,3.7582908868789673,0.0,0.294138661687443,3.7239620288213096
78,13,13.0,3.7784697092496433,0.0,0.29050391054701297,3.7430177285121036
79,15,15.0,3.8220720609029133,0.0,0.28662730472804626,3.7869680722554526
80,16,16.0,3.9433787018060684,0.0,0.2822318786553209,3.9109707921743393
81,11,11.0,4.012952782891014,0.0,0.277633379357481,3.9851229190826416
82,10,10.0,3.9686300992965697,0.0,0.2745248405709945,3.922984480857849
83,12,12.0,4.034948031107585,0.0,0.2717357482073422,3.9920312960942588
84,18,18.0,4.156224118338691,0.0,0.2684345329958712,4.122267564137776
85,12,12.0,4.122479756673177,0.0,0.26357463488246174,4.072216888268788
86,15,15.0,4.288528060913086,0.0,0.2603949228190778,4.257567151387533
87,15,15.0,4.240920607248942,0.0,0.25648677143143106,4.21706371307373
88,15,15.0,4.361759217580159,0.0,0.25265121517613887,4.328059164683024
89,11,11.0,4.377021052620628,0.0,0.24888690557594972,4.350268667394465
90,17,17.0,4.454035422381232,0.0,0.24617092577609706,4.426969191607307
91,16,16.0,4.509106874465942,0.0,0.2420462732468442,4.485963344573975
92,24,24.0,4.688578307628632,0.0,0.2382435022500633,4.659813145796458
93,18,18.0,4.694060590532091,0.0,0.23268006597810248,4.668279118008083
94,15,15.0,4.766450723012288,0.0,0.22861566052065002,4.7341456095377605
95,37,37.0,5.395042548308501,0.0,0.22529781885334188,5.294447782877329
96,16,16.0,4.972557306289673,0.0,0.21737492392356494,4.951138198375702
97,13,13.0,4.982981241666353,0.0,0.21406067837469744,4.955643287071815
98,35,35.0,5.656865882873535,0.0,0.21141623663150744,5.529125159127371
99,29,29.0,5.865777278768605,0.0,0.2045065282490624,5.687236818773993
100,32,32.0,6.078960821032524,0.0,0.1990059666067578,5.885081902146339
101,26,26.0,5.994877008291391,0.0,0.1931633590864566,5.8617753982543945
102,29,29.0,6.319258295256516,0.0,0.18858534558895068,6.155581803157411
103,31,31.0,6.262538725329984,0.0,0.1836515913665835,6.124058062030423
104,10,10.0,6.626560068130493,0.0,0.17857165167074046,6.393790435791016
105,29,29.0,6.418143716351739,0.0,0.17697450896285533,6.265414468173323
106,30,30.0,6.629399458567302,0.0,0.17245411023623528,6.439999071756999
107,9,9.0,6.883215268452962,0.0,0.16794711540651197,6.623102400037977
108,30,30.0,6.686199760437011,0.0,0.16662764628822557,6.540192763010661
109,10,10.0,7.187081384658813,0.0,0.1623350978567374,6.89217176437378
110,15,15.0,6.827744674682617,0.0,0.16093964885962164,6.761642742156982
111,29,29.0,6.9087285008923764,0.0,0.15887891024090217,6.749451078217605
112,16,16.0,7.1126949191093445,0.0,0.15500272996480652,6.920996814966202
113,13,13.0,7.238105883965125,0.0,0.15292353660509084,7.034213322859544
114,9,9.0,7.3247922791375055,0.0,0.15126454494876215,7.139730241563585
115,28,28.0,7.215643422944205,0.0,0.15013170300195655,7.071602991649082
116,27,27.0,7.293818173585115,0.0,0.14668771475778328,7.167250085760046
117,22,22.0,7.4793101440776475,0.0,0.14347895675160657,7.2710817076943135
118,18,18.0,7.636594692866008,0.0,0.14094331037514732,7.413102547327678
119,9,9.0,7.872516844007704,0.0,0.13891993423375787,7.6180883513556585
120,12,12.0,7.79268483320872,0.0,0.13792519089631272,7.585735321044922
121,22,22.0,7.817411791194569,0.0,0.13661615534383617,7.603559624065053
122,9,9.0,7.987624645233154,0.0,0.13426666463413528,7.742167313893636
123,8,8.0,7.992813587188721,0.0,0.13332397721611303,7.788278520107269
124,13,13.0,8.005112574650692,0.0,0.13249488979013213,7.782640530512883
125,11,11.0,8.100658460096879,0.0,0.1311651809755517,7.83463057604703
126,8,8.0,8.12825232744217,0.0,0.13005679733741018,7.903612911701202
127,9,9.0,8.281955613030327,0.0,0.1292602188943938,7.986857732137044
128,10,10.0,8.274941635131835,0.0,0.1283735383615183,7.995782661437988
129,23,23.0,8.118890492812447,0.0,0.12739996663199107,7.909295579661494
130,11,11.0,8.280660802667791,0.0,0.12520640118577422,8.081161152232777
131,9,9.0,8.34218300713433,0.0,0.12417939005173968,8.136824131011963
132,10,10.0,8.426387596130372,0.0,0.12334954852446492,8.206968688964844
133,10,10.0,8.43225998878479,0.0,0.12243838579901031,8.177375078201294
134,10,10.0,8.48502721786499,0.0,0.12153854171871381,8.221853065490723
135,11,11.0,8.673345392400568,0.0,0.12064987568110717,8.356358181346547
136,8,8.0,8.56290328502655,0.0,0.11968508800614024,8.382193803787231
137,9,9.0,8.553829616970486,0.0,0.11899170979527532,8.38869211408827
138,10,10.0,8.579104137420654,0.0,0.11821990261560081,8.366737842559814
139,15,15.0,8.546195983886719,0.0,0.11737246137502182,8.344192441304525
140,9,9.0,8.719806671142578,0.0,0.11612099686777998,8.500619676378038
141,11,11.0,8.705063473094594,0.0,0.11538130422555933,8.462120099501176
142,10,10.0,8.71381664276123,0.0,0.11448846363834016,8.465533447265624
143,12,12.0,8.770967801411947,0.0,0.11368737507718162,8.646395683288574
144,8,8.0,8.909101128578186,0.0,0.11273919359051011,8.719767093658447
145,9,9.0,8.889713287353516,0.0,0.11211492818384142,8.746767467922634
146,8,8.0,8.922361373901367,0.0,0.11142005125327234,8.741480350494385
147,10,10.0,8.83292360305786,0.0,0.11080891153216763,8.640396308898925
148,9,9.0,8.940774493747288,0.0,0.11005353110136515,8.763384289211697
149,10,10.0,9.043648529052735,0.0,0.10938171492799625,8.94034423828125
150,10,10.0,9.037895202636719,0.0,0.10864406341814523,8.84180965423584
151,9,9.0,9.024163670010036,0.0,0.10791557516251556,8.852554427252876
152,10,10.0,9.0001802444458,0.0,0.10726767620685773,8.826367378234863
153,10,10.0,9.098466968536377,0.0,0.10655628570776432,8.951797008514404
154,8,8.0,9.154995799064636,0.0,0.10585373224337742,9.045128107070923
155,10,10.0,9.205357456207276,0.0,0.10529797832182639,9.034524250030518
156,8,8.0,9.247899651527405,0.0,0.10461105580282762,9.136328101158142
157,10,10.0,9.2087965965271,0.0,0.10406766671845603,9.082934761047364
158,10,10.0,9.236383628845214,0.0,0.10339602737564904,9.115665435791016
159,9,9.0,9.138565487331814,0.0,0.10273273127075458,9.080381923251682
160,9,9.0,9.286352581448025,0.0,0.1021428125585008,9.225976096259224
161,13,13.0,9.346161035391,0.0,0.101559493240564,9.283216916597807
162,10,10.0,9.381128692626953,0.0,0.10072842221529571,9.337177181243897
163,11,11.0,9.443575425581498,0.0,0.1000982636339067,9.34214262528853
164,9,9.0,9.370579189724392,0.0,0.09941412672884825,9.290059195624458
165,10,10.0,9.456687259674073,0.0,0.09886133309755775,9.353293895721436
166,8,8.0,9.4524165391922,0.0,0.09825436786968497,9.422013759613037
167,8,8.0,9.459447741508484,0.0,0.09777422888705281,9.42196261882782
168,10,10.0,9.649235916137695,0.0,0.09729886736712134,9.60160427093506
169,13,13.0,9.61412605872521,0.0,0.0967113114002735,9.554840307969313
170,11,11.0,9.53396294333718,0.0,0.09595838667163188,9.490864493630149
171,9,9.0,9.568069987826878,0.0,0.09533078351458896,9.511978891160753
172,10,10.0,9.68381633758545,0.0,0.09482367006167339,9.562806797027587
173,9,9.0,9.527745670742458,0.0,0.09426686148957084,9.488586001925999
174,9,9.0,9.607627656724718,0.0,0.09377165008488628,9.560691515604654
175,10,10.0,9.635730934143066,0.0,0.09328197858809395,9.546829509735108
176,10,10.0,9.793463325500488,0.0,0.09274432121505308,9.76328706741333
177,9,9.0,9.740160094367134,0.0,0.09221334272916609,9.68212276034885
178,9,9.0,9.754058731926811,0.0,0.09174110394724419,9.686351246303982
179,9,9.0,9.792901357014975,0.0,0.09127414807950848,9.735515488518608
180,10,10.0,9.734066486358643,0.0,0.09081241602623366,9.645825862884521
181,11,11.0,9.636207753961736,0.0,0.09030543605202906,9.583982120860707
182,13,13.0,10.272389998802772,0.0,0.08975502902636513,10.243914090670073
183,10,10.0,9.762983131408692,0.0,0.08911423039441663,9.727201843261719
184,14,14.0,10.156421797616142,0.0,0.08862834562092889,10.124945163726807
185,10,10.0,10.050964546203613,0.0,0.08795823018444891,10.011773872375489
186,129,129.0,10.70392693660056,0.0,0.08748670547619852,10.673401389011117
187,110,110.0,11.272443910078568,0.0,0.08190415810720199,11.255051786249334
188,92,92.0,11.69443500560263,0.0,0.07780556969816685,11.676146828609964
189,81,81.0,12.067801298918548,0.0,0.07478494344098761,12.050081735775795
190,91,91.0,12.399867456037919,0.0,0.07239832881230736,12.383796597575094
191,141,141.0,13.23913808917323,0.0,0.06999008397760774,13.220501081317874
192,166,166.0,13.768508750272085,0.0,0.06675985342489488,13.746951160660709
193,76,76.0,13.99686578700417,0.0,0.06361927882324578,13.973786065452977
194,116,116.0,14.394065075907214,0.0,0.062385003548836054,14.362335690136614
195,95,95.0,14.804611808375308,0.0,0.06071330416999883,14.780168181971499
196,111,111.0,15.24756891233427,0.0,0.05951373315006862,15.217441069113242
197,136,136.0,15.732239723205566,0.0,0.05828118728051672,15.699509845060462
198,170,170.0,16.45287925495821,0.0,0.05698654634821745,16.427368124793556
199,117,117.0,16.84965034224029,0.0,0.05564904412530919,16.811065396691998
200,88,88.0,17.29001062566584,0.0,0.05488044473280607,17.25746568766507
201,135,135.0,17.709993659125434,0.0,0.054372068987075826,17.675804138183594
202,104,104.0,18.168836520268368,0.0,0.053693174363992416,18.138030620721672
203,125,125.0,18.605560134887696,0.0,0.05324295953461469,18.571400039672852
204,174,174.0,19.240368009983808,0.0,0.05277385028457973,19.204130556391572
205,116,116.0,19.72810020117924,0.0,0.05223163912585911,19.6969015022804
206,109,109.0,20.16285287349596,0.0,0.0519304175940463,20.12048248850971
207,136,136.0,20.616578606998218,0.0,0.05168452958954659,20.581181357888614
208,184,184.0,21.17711739954741,0.0,0.051421178347216004,21.142052733379863
209,156,156.0,21.798183477841892,0.0,0.05112917395201327,21.769359197372044
210,140,140.0,22.35107364654541,0.0,0.0509291234626906,22.317813532693044
211,110,110.0,22.809049051458185,0.0,0.05077995921391702,22.775066947937013
212,116,116.0,23.158640976609856,0.0,0.050679761246525463,23.1266597057211
213,157,157.0,23.634855318980613,0.0,0.05058800863223727,23.59803033330638
214,133,133.0,24.167795468093757,0.0,0.05048322946732642,24.13891197147226
215,119,119.0,24.63346543832987,0.0,0.050409215383913165,24.61152802795923
216,136,136.0,25.082966481938083,0.0,0.05035265548897378,25.047077543595258
217,189,189.0,25.540116093146107,0.0,0.05029752302842677,25.505152273430394
218,114,114.0,26.174784007825348,0.0,0.0502349192007594,26.140014330546062
219,129,129.0,26.568938144417697,0.0,0.050203719007162834,26.540187880050304
220,122,122.0,26.80188286890749,0.0,0.05017338102485672,26.75969605367692
221,127,127.0,27.204740299014595,0.0,0.05014885782093401,27.17329699598898
222,165,165.0,27.71720452742143,0.0,0.05012700692702391,27.68765587084221
223,117,117.0,28.346586488250992,0.0,0.050103336600749386,28.31991958618164
224,152,152.0,28.738101294166164,0.0,0.05008927679756897,28.70960973438464
225,157,157.0,29.239696794254765,0.0,0.05007382826319887,29.193416473971812
226,122,122.0,29.658319441998593,0.0,0.05006067256557695,29.626345321780345
227,138,138.0,29.90187195764072,0.0,0.05005209097079524,29.85657408617545
228,114,114.0,30.23949574587638,0.0,0.05004383758824499,30.1881004969279
229,177,177.0,30.734030588872017,0.0,0.05003801541093624,30.692986267434677
230,191,191.0,31.422670214588106,0.0,0.05003046997061075,31.389262424089523
231,124,124.0,31.673595213120983,0.0,0.050023998507201274,31.627380386475593
232,144,144.0,32.12823173734877,0.0,0.050020552685804125,32.080234898461235
233,114,114.0,32.43105960310551,0.0,0.05001716704621668,32.391204398975034
234,119,119.0,32.831988615148205,0.0,0.050014887048823065,32.78278267483751
235,118,118.0,33.11553709385759,0.0,0.05001282942843417,33.078447180279234
236,135,135.0,33.48008203859683,0.0,0.05001107003190098,33.443033359668874
237,125,125.0,33.797776321411135,0.0,0.050009351077978444,33.754987243652344
238,107,107.0,34.10910458431066,0.0,0.050007998400854146,34.06549147133515
239,168,168.0,34.56358044488089,0.0,0.05000699707096885,34.51135653541202
240,113,113.0,34.84182610975957,0.0,0.05000567171549529,34.78482264966036
241,135,135.0,35.22803833572953,0.0,0.050004924592984494,35.16797409057617
242,143,143.0,35.83481355146928,0.0,0.05000415990246659,35.79070975563743
243,154,154.0,36.01842164374017,0.0,0.05000347898863168,35.977978248100776
244,185,185.0,36.491490462019634,0.0,0.05000286979795537,36.44295375927074
245,119,119.0,36.77440694600594,0.0,0.050002277302499926,36.724956897126525
246,168,168.0,37.394986674899144,0.0,0.050001962544073915,37.34540076482864
247,156,156.0,37.818505140451286,0.0,0.05000159080730834,37.7659373650184
248,155,155.0,38.1937621331984,0.0,0.05000130897138759,38.13618146834835
249,109,109.0,38.18461787372554,0.0,0.0500010784141997,38.12960822429132
250,121,121.0,38.46708836831337,0.0,0.05000094105059692,38.42348565345954
251,137,137.0,39.10551647548258,0.0,0.05000080895792532,39.06044752580406
252,137,137.0,39.149001935972784,0.0,0.050000681636761,39.098720494848095
253,137,137.0,39.50447647762995,0.0,0.05000057435456085,39.46138200968721
254,127,127.0,40.05139619722141,0.0,0.05000048395741023,40.01639286551889
255,127,127.0,40.34448431420514,0.0,0.0500004129171252,40.31374386164147
256,136,136.0,40.65780830383301,0.0,0.050000352304869565,40.62337210599114
257,146,146.0,40.9790971573085,0.0,0.05000029722722316,40.94137374668905
258,116,116.0,41.280142356609474,0.0,0.0500002476451581,41.24254835063014
259,160,160.0,41.60094218254089,0.0,0.050000214218582535,41.554794335365294
260,242,242.0,42.06117316316967,0.0,0.0500001753873414,42.024230468371684
261,120,120.0,42.08075364430746,0.0,0.050000129605718535,42.03677622477213
262,145,145.0,42.44415562070649,0.0,0.05000011155267574,42.38533256793844
263,444,444.0,43.276218766564725,0.0,0.050000093060229026,43.25403139612696
264,121,121.0,43.55992303012816,0.0,0.05000005342329611,43.52219706133378
265,208,208.0,44.29248415506803,0.0,0.050000045924415676,44.260967878194954
266,129,129.0,44.61511774580608,0.0,0.050000035410093534,44.57572614684585
267,122,122.0,44.46893101051206,0.0,0.05000003013679672,44.43409910358366
268,292,292.0,45.30776052605616,0.0,0.05000002587421486,45.281586424945154
269,219,219.0,45.555042684894715,0.0,0.0500000179617933,45.52314808815037
270,233,233.0,46.2323768681211,0.0,0.050000013660342235,46.205335723484026
271,123,123.0,46.57005489938627,0.0,0.05000001020876748,46.53689525573234
272,126,126.0,46.796408789498464,0.0,0.05000000875387892,46.76084200541178
273,265,265.0,47.16579671895729,0.0,0.0500000074782358,47.13799675995449
274,137,137.0,47.100456906061105,0.0,0.050000005369565045,47.06290332766345
275,205,205.0,47.85168553794303,0.0,0.05000000452445401,47.82278665682165
276,179,179.0,47.83734294955291,0.0,0.0500000035016942,47.80553783651171
277,201,201.0,48.25657169854463,0.0,0.050000002799656995,48.231583040152024
278,160,160.0,48.806159543991086,0.0,0.0500000021776513,48.759955286979675
279,151,151.0,49.065641971613395,0.0,0.050000001782910086,49.0249895007405
280,30,30.0,48.6730531056722,0.0,0.050000001476237926,48.34151713053385
281,159,159.0,49.41227918900784,0.0,0.05000000142190413,49.377742791325794
282,216,216.0,49.722214716452136,0.0,0.05000000116561275,49.68571760036327
283,198,198.0,49.65845755374793,0.0,0.05000000088980487,49.62106643060241
284,182,182.0,50.03265598842076,0.0,0.05000000069471535,50.00227033174955
285,191,191.0,50.65942794240582,0.0,0.05000000055335635,50.617190336057654
286,126,126.0,50.26799952794635,0.0,0.05000000043582997,50.231870742071244
287,111,111.0,50.25467269485061,0.0,0.05000000037231944,50.194947079495265
288,181,181.0,51.35063685633201,0.0,0.050000000324083825,51.31422215667219
289,180,180.0,51.63857131534152,0.0,0.05000000025846291,51.57686002519396
290,126,126.0,51.06104896182106,0.0,0.05000000020638683,51.02274610125829
291,131,131.0,52.043056517156934,0.0,0.05000000017631148,51.995858199723806
292,118,118.0,51.4857612221928,0.0,0.050000000149680375,51.44433205814685
293,261,261.0,52.161150482879286,0.0,0.05000000012915357,52.134415505946365
294,155,155.0,52.832400857248615,0.0,0.050000000093200415,52.79525936495873
295,150,150.0,53.058269907633466,0.0,0.05000000007678446,53.019760869344076
296,181,181.0,53.30472882939966,0.0,0.05000000006365655,53.27030297800981
297,178,178.0,53.56500132700031,0.0,0.05000000005076729,53.53362904237897
298,163,163.0,53.80080743801374,0.0,0.05000000004063998,53.74916399622256
299,138,138.0,54.00375172711801,0.0,0.05000000003314866,53.96452820819357
300,118,118.0,53.18156400777526,0.0,0.05000000002789653,53.11948507923191
301,235,235.0,53.798750775925654,0.0,0.050000000024070866,53.771914754015334
302,113,113.0,53.213853279046255,0.0,0.05000000001794394,53.1647970824115
303,204,204.0,54.068259033502315,0.0,0.05000000001558022,54.034398658602846
304,142,142.0,55.09775408892564,0.0,0.05000000001207337,55.04997887409909
305,168,168.0,55.31842976524716,0.0,0.05000000001010977,55.28188103721256
306,159,159.0,55.56340338748956,0.0,0.05000000000819482,55.53431831215912
307,282,282.0,55.81969365329607,0.0,0.05000000000671775,55.792947444509956
308,186,186.0,55.14162123075096,0.0,0.050000000004722094,55.10804194788779
309,165,165.0,56.3646821455522,0.0,0.050000000003742495,56.33158342766039
310,142,142.0,56.50371317796304,0.0,0.050000000003045005,56.46244121605242
311,108,108.0,54.769804389388476,0.0,0.05000000000254977,54.72479855572736
312,133,133.0,56.8420611503429,0.0,0.050000000002227776,56.813824044134385
313,150,150.0,56.99214469909668,0.0,0.050000000001886556,56.9554934946696
314,150,150.0,55.8184238688151,0.0,0.05000000000156401,55.783034540812174
315,127,127.0,57.3587802676704,0.0,0.05000000000129661,57.3184335062823
316,155,155.0,57.506610058199975,0.0,0.050000000001106285,57.47132671725365
317,224,224.0,57.73316466808319,0.0,0.050000000000911426,57.705153124673025
318,137,137.0,57.95141465124423,0.0,0.05000000000068884,57.91838246366403
319,156,156.0,58.08242959242601,0.0,0.05000000000058043,58.04322162041297
320,138,138.0,56.55301276497219,0.0,0.05000000000047759,56.52066261180933
321,160,160.0,56.482328748703004,0.0,0.050000000000401924,56.45255410671234
322,182,182.0,58.60372847253149,0.0,0.050000000000329066,58.56729828132378
323,161,161.0,58.8150741624536,0.0,0.05000000000026211,58.78869500959882
324,110,110.0,56.31176830638539,0.0,0.05000000000021433,56.27226878079501
325,110,110.0,59.09238572554155,0.0,0.0500000000001868,59.05716944607821
326,174,174.0,57.32442831719059,0.0,0.0500000000001628,57.295393932824844
327,176,176.0,59.35971368442882,0.0,0.05000000000013098,59.323294162750244
328,226,226.0,59.609360686445655,0.0,0.05000000000010511,59.58031522700217
329,130,130.0,59.769997053879955,0.0,0.050000000000079245,59.73337097167969
330,115,115.0,59.91493855351987,0.0,0.05000000000006736,59.88332930855129
331,137,137.0,60.023830107528795,0.0,0.05000000000005834,59.991953216329975
332,158,158.0,60.178831172894824,0.0,0.05000000000004916,60.14370292953298
333,214,214.0,58.58154630215368,0.0,0.05000000000004035,58.556226694695305
334,141,141.0,60.53964090009108,0.0,0.05000000000003088,60.5070489112367
335,145,145.0,57.563275435875205,0.0,0.05000000000002589,57.52809995453933
336,146,146.0,57.50287875084028,0.0,0.0500000000000216,57.47061013522213
337,127,127.0,60.93366670983983,0.0,0.050000000000017995,60.8998431708869
338,110,110.0,55.832394998723814,0.0,0.05000000000001535,55.79028797149658
339,129,129.0,61.14796713895576,0.0,0.05000000000001338,61.112289280854455
340,139,139.0,61.14953508994562,0.0,0.05000000000001139,61.10774080015773
341,147,147.0,61.391450635429955,0.0,0.05000000000000957,61.36707560221354
342,116,116.0,61.51797787896518,0.0,0.05000000000000797,61.469993657079236
343,136,136.0,61.60439381879919,0.0,0.05000000000000689,61.561072686139276
344,118,118.0,61.68864292209431,0.0,0.05000000000000582,61.64125371383408
345,128,128.0,61.825187027454376,0.0,0.05000000000000502,61.78668934106827
346,160,160.0,61.89222486019135,0.0,0.05000000000000428,61.86054463386536
347,181,181.0,58.466135983967646,0.0,0.0500000000000035,58.43453102744087
348,138,138.0,62.13970773116402,0.0,0.05000000000000279,62.10673603113147
349,139,139.0,62.19892809202345,0.0,0.05000000000000235,62.160452094867075
350,153,153.0,62.41563188640121,0.0,0.05000000000000197,62.38058623768925
351,125,125.0,56.770824562072754,0.0,0.05000000000000163,56.72635905456543
352,122,122.0,55.88389945421063,0.0,0.0500000000000014,55.81114099846511
353,142,142.0,57.02447002034792,0.0,0.0500000000000012,56.98677417593942
354,161,161.0,62.89981818347244,0.0,0.050000000000001,62.86261716096298
355,160,160.0,56.5810935407877,0.0,0.05000000000000082,56.54346591830254
356,156,156.0,63.129517286251755,0.0,0.050000000000000676,63.09933549929888
357,139,139.0,63.016701513057136,0.0,0.05000000000000056,62.981587554053434
358,143,143.0,63.14574912544731,0.0,0.05000000000000047,63.1044337399356
359,124,124.0,63.305393342048895,0.0,0.05000000000000039,63.26605778355752
360,122,122.0,63.53075902970111,0.0,0.050000000000000336,63.502047210443216
361,50,50.0,63.587241897583006,0.0,0.05000000000000029,63.56794479370117
362,119,119.0,63.59147454910919,0.0,0.05000000000000027,63.55161282194763
363,125,125.0,63.70111944580078,0.0,0.05000000000000023,63.66111538696289
364,178,178.0,63.78893183590321,0.0,0.0500000000000002,63.75329917736268
365,32,32.0,63.93259346485138,0.0,0.05000000000000016,63.910250306129456
366,127,127.0,63.87326296107975,0.0,0.050000000000000155,63.833947309358855
367,103,103.0,64.04484565512648,0.0,0.050000000000000135,64.00426749812746
368,71,71.0,64.12102927624339,0.0,0.050000000000000114,64.09511125591439
369,141,141.0,64.0654576890012,0.0,0.05000000000000011,64.03097612638
370,125,125.0,64.18033605957031,0.0,0.05000000000000009,64.13919110107422
371,118,118.0,64.02114021171958,0.0,0.05000000000000008,63.979610766394664
372,125,125.0,64.0757778930664,0.0,0.050000000000000065,64.03572509765625
373,110,110.0,64.5232797796076,0.0,0.05000000000000006,64.49586993130771
374,110,110.0,64.59185159856622,0.0,0.05000000000000005,64.5566704489968
375,127,127.0,64.26952941774384,0.0,0.050000000000000044,64.2281513965036
376,369,369.0,40.96974225580531,0.0,0.05000000000000004,40.931115060963926
377,127,127.0,64.63664588027113,0.0,0.050000000000000024,64.6003222127599
378,128,128.0,64.95175924897194,0.0,0.050000000000000024,64.9174567759037
379,111,111.0,65.14686666952598,0.0,0.05000000000000002,65.1062619320981
380,120,120.0,65.06340246200561,0.0,0.05000000000000002,65.02537940343221
381,107,107.0,65.28119638033003,0.0,0.05000000000000002,65.2549193908121
382,104,104.0,65.34608972989597,0.0,0.05000000000000002,65.30535734616794
383,111,111.0,65.15187990343249,0.0,0.05000000000000001,65.11492462845536
384,129,129.0,65.32933887215547,0.0,0.05000000000000001,65.29200099974639
385,104,104.0,65.5423501088069,0.0,0.05000000000000001,65.5136363689716
386,100,100.0,65.33873020172119,0.0,0.05000000000000001,65.30168781280517
387,75,75.0,65.66044647216796,0.0,0.05000000000000001,65.63597035725911
388,114,114.0,65.28414732949776,0.0,0.05000000000000001,65.24189621105529
389,150,150.0,65.73028025309245,0.0,0.05000000000000001,65.69389155069987
390,127,127.0,65.73369511281412,0.0,0.05000000000000001,65.6924437275083
391,120,120.0,65.53531157175699,0.0,0.05,65.50167888005575
392,139,139.0,65.72126641033364,0.0,0.05,65.68895035338916
393,102,102.0,65.49069913228352,0.0,0.05,65.4486037609624
394,103,103.0,65.86669788545775,0.0,0.05,65.8260277312936
395,21,21.0,66.17874145507812,0.0,0.05,66.15677570161365
396,128,128.0,65.73541644215584,0.0,0.05,65.69284945726395
397,98,98.0,66.20354391604053,0.0,0.05,66.16035181162309
398,28,28.0,66.31358337402344,0.0,0.05,66.29153115408761
399,98,98.0,66.33771491537289,0.0,0.05,66.30252262037628
400,17,17.0,66.3841884837431,0.0,0.05,66.36031117158778
401,22,22.0,66.391075481068,0.0,0.05,66.37067378651012
402,107,107.0,65.66697443311459,0.0,0.05,65.6291303545515
403,101,101.0,65.90815489362963,0.0,0.05,65.86753916976475
404,34,34.0,66.49411055620979,0.0,0.05,66.45963601505055
405,102,102.0,66.54937048519359,0.0,0.05,66.5181370155484
406,21,21.0,66.59273492722284,0.0,0.05,66.576659429641
407,130,130.0,66.62882314828725,0.0,0.05,66.59910683265099
408,98,98.0,66.68286833471181,0.0,0.05,66.63952558867786
409,117,117.0,66.53927123240935,0.0,0.05,66.50564986008864
410,109,109.0,66.77746855009586,0.0,0.05,66.74418514146717
411,36,36.0,66.83420435587566,0.0,0.05,66.81578742133246
412,91,91.0,66.83841722090166,0.0,0.05,66.7985825591035
413,27,27.0,66.90458368372035,0.0,0.05,66.88764953613281
414,26,26.0,66.9253669151893,0.0,0.05,66.90894787128155
415,114,114.0,66.92861135382401,0.0,0.05,66.8891158522221
416,103,103.0,66.93005097028121,0.0,0.05,66.88896571779713
417,21,21.0,67.04050917852493,0.0,0.05,67.02381134033203
418,33,33.0,67.05002501516631,0.0,0.05,67.03434591582327
419,100,100.0,66.35221073150635,0.0,0.05,66.30628959655762
420,28,28.0,67.11056191580636,0.0,0.05,67.0963499886649
421,40,40.0,67.13223323822021,0.0,0.05,67.11224117279053
422,111,111.0,67.07010018288553,0.0,0.05,67.03465923962293
423,29,29.0,67.17867094894936,0.0,0.05,67.14898181783742
424,39,39.0,67.21996659498949,0.0,0.05,67.20391630515074
425,112,112.0,66.76206905501229,0.0,0.05,66.7239500795092
426,26,26.0,67.30574505145734,0.0,0.05,67.2740833575909
427,28,28.0,67.31462805611747,0.0,0.05,67.29844720023019
428,28,28.0,67.29719025748116,0.0,0.05,67.27906717572894
429,112,112.0,66.70300817489624,0.0,0.05,66.66681807381767
430,92,92.0,67.0675921647445,0.0,0.05,67.02697575610617
431,114,114.0,67.40894966794734,0.0,0.05,67.37059282001697
432,115,115.0,67.50429309347402,0.0,0.05,67.47314433222232
433,114,114.0,66.8686080397221,0.0,0.05,66.827608041596
434,39,39.0,67.56333179962941,0.0,0.05,67.5083491007487
435,21,21.0,67.61808268229167,0.0,0.05,67.59556979224796
436,16,16.0,67.60437631607056,0.0,0.05,67.58412504196167
437,19,19.0,67.62194342362254,0.0,0.05,67.58931692023026
438,98,98.0,67.57862379113023,0.0,0.05,67.53637570750956
439,15,15.0,67.66526997884115,0.0,0.05,67.61923370361328
440,24,24.0,67.67719427744548,0.0,0.05,67.65344015757243
441,98,98.0,67.61488918382294,0.0,0.05,67.5717775773029
442,94,94.0,66.70349234723031,0.0,0.05,66.66113808814515
443,18,18.0,67.76685375637479,0.0,0.05,67.72734747992621
444,90,90.0,67.75442445543078,0.0,0.05,67.71354853312174
445,106,106.0,66.66942837553204,0.0,0.05,66.63222377705124
446,105,105.0,67.75453135172526,0.0,0.05,67.72096194312687
447,25,25.0,67.92357391357422,0.0,0.05,67.90101104736328
448,30,30.0,67.93382466634115,0.0,0.05,67.91195653279622
449,110,110.0,66.8060206673362,0.0,0.05,66.7679317821156
450,16,16.0,67.97865581512451,0.0,0.05,67.9491171836853
451,25,25.0,68.01294067382813,0.0,0.05,67.97958099365235
452,41,41.0,68.00546934546495,0.0,0.05,67.98537910275343
453,17,17.0,68.05489798153148,0.0,0.05,68.0284060309915
454,24,24.0,68.04159959157307,0.0,0.05,68.01871744791667
455,17,17.0,68.0327310001149,0.0,0.05,68.00896768008961
456,27,27.0,68.04349715621383,0.0,0.05,68.01493948477285
457,30,30.0,68.04132766723633,0.0,0.05,68.02385177612305
458,60,60.0,68.07027155558268,0.0,0.05,68.05106697082519
459,22,22.0,68.10836133089933,0.0,0.05,68.0820576060902
460,42,42.0,68.10934757051014,0.0,0.05,68.07892535981678
461,100,100.0,68.05564041137696,0.0,0.05,68.01515785217285
462,129,129.0,68.15064961041591,0.0,0.05,68.1191335278888
463,15,15.0,68.2444356282552,0.0,0.05,68.21051076253255
464,15,15.0,68.23860371907553,0.0,0.05,68.20376790364584
465,27,27.0,68.21048906114366,0.0,0.05,68.17849364104094
466,23,23.0,68.23600404158883,0.0,0.05,68.20983223293139
467,23,23.0,68.22931405772333,0.0,0.05,68.20129759415336
468,26,26.0,68.2530162517841,0.0,0.05,68.21703896155724
469,21,21.0,68.25166175478981,0.0,0.05,68.2294217064267
470,27,27.0,68.28631563539858,0.0,0.05,68.24916302716291
471,37,37.0,68.29382138638883,0.0,0.05,68.27972948228991
472,21,21.0,68.29089900425502,0.0,0.05,68.25809951055618
473,25,25.0,68.31358154296875,0.0,0.05,68.290517578125
474,21,21.0,68.34790438697452,0.0,0.05,68.31830342610677
475,96,96.0,68.24125941594441,0.0,0.05,68.20052735010783
476,22,22.0,68.34647161310369,0.0,0.05,68.32037943059748
477,111,111.0,68.37677043193095,0.0,0.05,68.3354759559975
478,26,26.0,68.40923954890324,0.0,0.05,68.38354991032527
479,18,18.0,68.44123374091254,0.0,0.05,68.41812896728516
480,23,23.0,68.45225723930027,0.0,0.05,68.42660489289656
481,33,33.0,68.43445471561316,0.0,0.05,68.41470429391572
482,52,52.0,68.46537193885216,0.0,0.05,68.43267015310434
483,54,54.0,68.46957340946904,0.0,0.05,68.4490018773962
484,19,19.0,68.5168561433491,0.0,0.05,68.49977593672902
485,24,24.0,68.4829511642456,0.0,0.05,68.45458126068115
486,19,19.0,68.51321892989309,0.0,0.05,68.50824938322368
487,29,29.0,68.54984125597724,0.0,0.05,68.5214975291285
488,30,30.0,68.5209482828776,0.0,0.05,68.50383071899414
489,27,27.0,68.52857660364222,0.0,0.05,68.50187993932653
490,18,18.0,68.57107840643988,0.0,0.05,68.549073961046
491,27,27.0,68.54211567066334,0.0,0.05,68.52175988091363
492,31,31.0,68.56342069564327,0.0,0.05,68.53643134332472
493,16,16.0,68.6219310760498,0.0,0.05,68.59195184707642
494,27,27.0,68.57673786304615,0.0,0.05,68.55207881221065
495,14,14.0,68.54394476754325,0.0,0.05,68.49224744524274
496,24,24.0,68.58684921264648,0.0,0.05,68.56518300374348
497,59,59.0,68.60338941671081,0.0,0.05,68.58922007932502
498,27,27.0,68.64009828920717,0.0,0.05,68.61544545491536
499,39,39.0,68.65130889110075,0.0,0.05,68.6250469501202
500,15,15.0,68.63659159342448,0.0,0.05,68.60570271809895
501,26,26.0,68.6591796875,0.0,0.05,68.63603826669546
502,15,15.0,68.64159342447917,0.0,0.05,68.58490905761718
503,28,28.0,68.69955171857562,0.0,0.05,68.66636657714844
504,24,24.0,68.70044453938802,0.0,0.05,68.65544319152832
505,25,25.0,68.68313385009766,0.0,0.05,68.65136810302734
506,31,31.0,68.69374650524509,0.0,0.05,68.65859443910661
507,29,29.0,68.73866798137796,0.0,0.05,68.70971232447131
508,44,44.0,68.73232893510298,0.0,0.05,68.70927932045676
509,30,30.0,68.75251388549805,0.0,0.05,68.72218627929688
510,24,24.0,68.75823148091634,0.0,0.05,68.72625891367595
511,35,35.0,68.76962280273438,0.0,0.05,68.75187116350446
512,31,31.0,68.74762848884829,0.0,0.05,68.7242670366841
513,32,32.0,68.78340268135071,0.0,0.05,68.7632954120636
514,16,16.0,68.8168077468872,0.0,0.05,68.78603649139404
515,44,44.0,68.7954651225697,0.0,0.05,68.77710221030496
516,13,13.0,68.77635251558743,0.0,0.05,68.72582244873047
517,18,18.0,68.81300565931532,0.0,0.05,68.80006154378255
518,24,24.0,68.83798599243164,0.0,0.05,68.80998992919922
519,25,25.0,68.81742279052735,0.0,0.05,68.791650390625
520,31,31.0,68.85023203203755,0.0,0.05,68.82513230846774
521,32,32.0,68.84814453125,0.0,0.05,68.84029722213745
522,35,35.0,68.85321698869977,0.0,0.05,68.83055245535714
523,29,29.0,68.89020748796135,0.0,0.05,68.85766496329472
524,19,19.0,68.88297713430305,0.0,0.05,68.8657431351511
525,44,44.0,68.87715495716442,0.0,0.05,68.84791287508878
526,39,39.0,68.9076172266251,0.0,0.05,68.88509662334735
527,34,34.0,68.90613802741555,0.0,0.05,68.88926853853114
528,27,27.0,68.93724144829645,0.0,0.05,68.9123797946506
529,25,25.0,68.91062408447266,0.0,0.05,68.89017028808594
530,31,31.0,68.94115767940399,0.0,0.05,68.91150788337954
531,63,63.0,68.95404936775329,0.0,0.05,68.93073139493427
532,26,26.0,68.96510285597581,0.0,0.05,68.93658916766827
533,33,33.0,68.97771661931819,0.0,0.05,68.95863434762666
534,26,26.0,68.98425645094652,0.0,0.05,68.94301810631386
535,36,36.0,68.988189485338,0.0,0.05,68.9698297712538
536,26,26.0,69.00951884343074,0.0,0.05,68.99289615337665
537,21,21.0,68.99918438139416,0.0,0.05,68.98976280575707
538,28,28.0,69.06241280691964,0.0,0.05,68.96803065708706
539,24,24.0,69.03810501098633,0.0,0.05,68.99975649515788
540,31,31.0,69.02749412290511,0.0,0.05,69.01102324455015
541,33,33.0,69.0573335127397,0.0,0.05,69.03576382723722
542,26,26.0,69.05376287607046,0.0,0.05,69.04308172372671
543,29,29.0,69.0711564688847,0.0,0.05,69.01182424611059
544,34,34.0,69.05665184469784,0.0,0.05,69.04992945053998
545,30,30.0,69.08364537556966,0.0,0.05,69.06631800333659
546,32,32.0,69.10327243804932,0.0,0.05,69.08174085617065
547,16,16.0,69.10438537597656,0.0,0.05,69.05913734436035
548,56,56.0,69.10803931100028,0.0,0.05,69.09105818612235
549,32,32.0,69.1641161441803,0.0,0.05,69.06592798233032
550,19,19.0,69.13651837800678,0.0,0.05,69.11846040424548
551,56,56.0,69.14352226257324,0.0,0.05,69.12946905408587
552,57,57.0,69.16599983081483,0.0,0.05,69.1532370584053
553,31,31.0,69.17482240738407,0.0,0.05,69.14923341812626
554,33,33.0,69.17005874171402,0.0,0.05,69.15468528053977
555,23,23.0,69.21361608090608,0.0,0.05,69.18512593144956
556,68,68.0,69.21163794573616,0.0,0.05,69.19492800095502
557,31,31.0,69.22757376393965,0.0,0.05,69.19701065555695
558,29,29.0,69.22151736555428,0.0,0.05,69.1992574231378
559,26,26.0,69.25022770808293,0.0,0.05,69.21917137732872
560,16,16.0,69.24842643737793,0.0,0.05,69.23274660110474
561,35,35.0,69.23560398646764,0.0,0.05,69.22338278634207
562,18,18.0,69.25344763861762,0.0,0.05,69.2392094930013
563,25,25.0,69.28673828125,0.0,0.05,69.25761199951172
564,25,25.0,69.26932403564453,0.0,0.05,69.24965606689453
565,45,45.0,69.2794665866428,0.0,0.05,69.27106221516927
566,26,26.0,69.28145247239333,0.0,0.05,69.26407065758339
567,142,142.0,69.26228590414557,0.0,0.05,69.2359899064185
568,108,108.0,69.23555621394405,0.0,0.05,69.2039286295573
569,33,33.0,69.37760509144177,0.0,0.05,69.36458726362748
570,34,34.0,69.37180238611558,0.0,0.05,69.34653360703412
571,39,39.0,69.3798309717423,0.0,0.05,69.3620337461814
572,99,99.0,69.30117705374053,0.0,0.05,69.26827902745718
573,32,32.0,69.45622777938843,0.0,0.05,69.40742707252502
574,17,17.0,69.42401033289292,0.0,0.05,69.4043264950023
575,43,43.0,69.43114471435547,0.0,0.05,69.41743362781614
576,27,27.0,69.43930703622324,0.0,0.05,69.41518119529441
577,29,29.0,69.44441380994073,0.0,0.05,69.42797798945986
578,17,17.0,69.43791782154756,0.0,0.05,69.42467005112591
579,39,39.0,69.49466372758914,0.0,0.05,69.45406908866687
580,25,25.0,69.46818267822266,0.0,0.05,69.45178558349609
581,23,23.0,69.47043476934019,0.0,0.05,69.44235163149627
582,24,24.0,69.4774824778239,0.0,0.05,69.44466431935628
583,24,24.0,69.4656327565511,0.0,0.05,69.4585034052531
584,25,25.0,69.47675506591797,0.0,0.05,69.45741485595703
585,36,36.0,69.51441722446017,0.0,0.05,69.48006587558322
586,22,22.0,69.51219350641423,0.0,0.05,69.49114712801847
587,45,45.0,69.51969604492187,0.0,0.05,69.50683881971571
588,28,28.0,69.51844433375767,0.0,0.05,69.49439457484654
589,33,33.0,69.53346090605764,0.0,0.05,69.51909799286814
590,18,18.0,69.54510328504774,0.0,0.05,69.53054894341363
591,147,147.0,69.42282156392831,0.0,0.05,69.39325205485027
592,25,25.0,69.59017700195312,0.0,0.05,69.56091766357422
593,88,88.0,69.27098044482145,0.0,0.05,69.23796254938298
594,88,88.0,68.97823897275057,0.0,0.05,68.9392049962824
595,96,96.0,69.4824116230011,0.0,0.05,69.44997350374858
596,25,25.0,69.63034362792969,0.0,0.05,69.61464080810546
597,29,29.0,69.63839669063174,0.0,0.05,69.60814587823276
598,92,92.0,69.5643193618111,0.0,0.05,69.53297789200492
599,21,21.0,69.66898055303665,0.0,0.05,69.64923422677177
600,29,29.0,69.67760572762325,0.0,0.05,69.65134193157327
601,96,96.0,69.4646069208781,0.0,0.05,69.42821828524272
602,120,120.0,69.53707059224446,0.0,0.05,69.50962708791097
603,23,23.0,69.72820348324983,0.0,0.05,69.71162646749745
604,15,15.0,69.58748982747396,0.0,0.05,69.44342651367188
605,84,84.0,69.48354185195197,0.0,0.05,69.44996016366142
606,17,17.0,69.74025367288029,0.0,0.05,69.71286280014935
607,98,98.0,69.6474164845992,0.0,0.05,69.6127122372997
608,16,16.0,69.77730464935303,0.0,0.05,69.74971628189087
609,31,31.0,69.79950246503276,0.0,0.05,69.78019222136467
610,86,86.0,69.64032567933549,0.0,0.05,69.60419916552166
611,25,25.0,69.78648559570313,0.0,0.05,69.74203399658204
612,96,96.0,69.52103237311046,0.0,0.05,69.4862494468689
613,13,13.0,69.79300102820763,0.0,0.05,69.74872413048378
614,92,92.0,69.67927907860798,0.0,0.05,69.6458738575811
615,92,92.0,69.77799838522206,0.0,0.05,69.7496745068094
616,25,25.0,69.89374328613282,0.0,0.05,69.87896697998048
617,82,82.0,69.5625113510504,0.0,0.05,69.51546934174328
618,90,90.0,69.64521645439996,0.0,0.05,69.60926064385308
619,26,26.0,69.92212559626653,0.0,0.05,69.89991144033579
620,25,25.0,69.9073974609375,0.0,0.05,69.89355163574218
621,96,96.0,69.4323468208313,0.0,0.05,69.38045469919841
622,37,37.0,69.96577020593591,0.0,0.05,69.9541485760663
623,102,102.0,69.75214198991364,0.0,0.05,69.72019330193015
624,29,29.0,69.9862894518622,0.0,0.05,69.97247340761382
625,109,109.0,69.93735322164834,0.0,0.05,69.90305223377473
626,42,42.0,70.02568435668945,0.0,0.05,70.00593548729306
627,28,28.0,70.02432141985211,0.0,0.05,70.00462559291294
628,16,16.0,70.01926565170288,0.0,0.05,69.98408937454224
629,28,28.0,70.0192484174456,0.0,0.05,70.0099378313337
630,114,114.0,69.76910383659497,0.0,0.05,69.73732821146648
631,22,22.0,70.06116624311967,0.0,0.05,70.04785503040661
632,31,31.0,70.0742699407762,0.0,0.05,70.0538583570911
633,30,30.0,70.05501174926758,0.0,0.05,70.03860931396484
634,35,35.0,70.07147347586495,0.0,0.05,70.05814623151507
635,35,35.0,70.0880342755999,0.0,0.05,70.07198399135045
636,87,87.0,69.61604826477752,0.0,0.05,69.57428912458748
637,31,31.0,70.12037683302357,0.0,0.05,70.1051751413653
638,33,33.0,70.11681828354344,0.0,0.05,70.10129339044744
639,25,25.0,70.10111938476562,0.0,0.05,70.07934204101562
640,16,16.0,70.10331535339355,0.0,0.05,70.06688070297241
641,55,55.0,70.14105072021485,0.0,0.05,70.1260044444691
642,20,20.0,70.12190895080566,0.0,0.05,70.10053367614746
643,90,90.0,69.79751184251573,0.0,0.05,69.75491316053602
644,114,114.0,69.9783627024868,0.0,0.05,69.9452522010134
645,124,124.0,70.05545530011577,0.0,0.05,70.02659859195832
646,24,24.0,70.19892024993896,0.0,0.05,70.17084725697835
647,100,100.0,70.02970283508301,0.0,0.05,69.99986679077148
648,95,95.0,69.79045751471268,0.0,0.05,69.74831908376594
649,25,25.0,70.23014678955079,0.0,0.05,70.21039276123047
650,26,26.0,70.25281876784105,0.0,0.05,70.24061555128831
651,27,27.0,70.23801761203342,0.0,0.05,70.21974719012225
652,34,34.0,70.27442887250115,0.0,0.05,70.2514893026913
653,100,100.0,69.81515159606934,0.0,0.05,69.78600456237793
654,32,32.0,70.30591320991516,0.0,0.05,70.2833948135376
655,13,13.0,70.24606440617488,0.0,0.05,70.22309171236478
656,24,24.0,70.28019841512044,0.0,0.05,70.25083955128987
657,122,122.0,69.86401657979997,0.0,0.05,69.83031013363697
658,94,94.0,69.8303333850617,0.0,0.05,69.79424557787307
659,29,29.0,70.33329615099677,0.0,0.05,70.3096687053812
660,112,112.0,69.96954240117755,0.0,0.05,69.93923142978123
661,96,96.0,69.61715932687123,0.0,0.05,69.5793741941452
662,114,114.0,69.7058339704547,0.0,0.05,69.67311045998021
663,89,89.0,69.63512472088418,0.0,0.05,69.59811705685733
664,22,22.0,70.40189396251331,0.0,0.05,70.37741574374112
665,30,30.0,70.42461471557617,0.0,0.05,70.40163625081381
666,51,51.0,70.4442180558747,0.0,0.05,70.4291945812749
667,31,31.0,70.4408446281187,0.0,0.05,70.42371319186303
668,92,92.0,69.71795774542767,0.0,0.05,69.68141331879988
669,24,24.0,70.43507544199626,0.0,0.05,70.41791820526123
670,24,24.0,70.45148881276448,0.0,0.05,70.42856979370117
671,61,61.0,70.48310139140145,0.0,0.05,70.46831875160092
672,116,116.0,70.00940165026435,0.0,0.05,69.97991976244697
673,17,17.0,70.4299778657801,0.0,0.05,70.3899881699506
674,86,86.0,69.250327930894,0.0,0.05,69.21503590428551
675,103,103.0,69.955614738094,0.0,0.05,69.9238474207017
676,36,36.0,70.52351337009006,0.0,0.05,70.50858857896593
677,26,26.0,70.50652254544772,0.0,0.05,70.49274943425105
678,56,56.0,70.5547376360212,0.0,0.05,70.54231480189732
679,117,117.0,69.83335129827516,0.0,0.05,69.80019835121611
680,30,30.0,70.56691335042318,0.0,0.05,70.54635874430339
681,85,85.0,70.00109181123621,0.0,0.05,69.96018878712374
682,37,37.0,70.57707276215424,0.0,0.05,70.5478835234771
683,26,26.0,70.56244688767653,0.0,0.05,70.54396614661583
684,45,45.0,70.59752671983507,0.0,0.05,70.58647986518012
685,118,118.0,70.1612560789464,0.0,0.05,70.13415996098922
686,14,14.0,70.55471093314034,0.0,0.05,70.52217047555106
687,21,21.0,70.55582645961216,0.0,0.05,70.54223087855748
688,82,82.0,69.34693364399236,0.0,0.05,69.30847251706007
689,123,123.0,69.67663645550488,0.0,0.05,69.64058049519856
690,124,124.0,70.25477495501119,0.0,0.05,70.22714334918606
691,16,16.0,70.6364164352417,0.0,0.05,70.60019445419312
692,22,22.0,70.59437283602628,0.0,0.05,70.57602795687589
693,26,26.0,70.61439895629883,0.0,0.05,70.58919290395883
694,35,35.0,70.6312258039202,0.0,0.05,70.6154791695731
695,106,106.0,69.97856899477401,0.0,0.05,69.94636003026423
696,34,34.0,70.67949766271255,0.0,0.05,70.6599417293773
697,27,27.0,70.70285175464771,0.0,0.05,70.68165503607855
698,80,80.0,68.5803038597107,0.0,0.05,68.54359130859375
699,20,20.0,70.65442237854003,0.0,0.05,70.63103370666504
700,49,49.0,70.72071122150032,0.0,0.05,70.69901805021325
701,55,55.0,70.73253479003907,0.0,0.05,70.7197505604137
702,30,30.0,70.70557607014975,0.0,0.05,70.68834330240885
703,131,131.0,70.09550056748718,0.0,0.05,70.06353253080644
704,23,23.0,70.71327574356742,0.0,0.05,70.68406544560972
705,36,36.0,70.74582099914551,0.0,0.05,70.72676806979709
706,76,76.0,70.77651495682566,0.0,0.05,70.76188428778397
707,30,30.0,70.7644416809082,0.0,0.05,70.73751576741536
708,102,102.0,70.00875278547699,0.0,0.05,69.97824728722667
709,31,31.0,70.77714415519468,0.0,0.05,70.75445704306325
710,25,25.0,70.76096435546874,0.0,0.05,70.74093292236329
711,135,135.0,69.95499462551541,0.0,0.05,69.93179092407226
712,113,113.0,70.11895097040497,0.0,0.05,70.09078706049286
713,88,88.0,69.69403136860241,0.0,0.05,69.65742449326949
714,73,73.0,67.93420530345342,0.0,0.05,67.89689981120907
715,75,75.0,69.20444224039714,0.0,0.05,69.16881413777669
716,98,98.0,70.06538422253666,0.0,0.05,70.03502927507672
717,112,112.0,69.78515325273786,0.0,0.05,69.75157608304706
718,19,19.0,70.76193156995271,0.0,0.05,70.74501238371197
719,96,96.0,70.1860013405482,0.0,0.05,70.15380958716075
720,129,129.0,69.50979141117067,0.0,0.05,69.48141151250795
721,109,109.0,70.04412698308262,0.0,0.05,70.0180060710382
722,102,102.0,69.46948937808766,0.0,0.05,69.4430300768684
723,108,108.0,69.7915154563056,0.0,0.05,69.7658557538633
724,15,15.0,70.83803304036458,0.0,0.05,70.80208841959636
725,20,20.0,70.82999038696289,0.0,0.05,70.81376800537109
726,120,120.0,70.01263615290324,0.0,0.05,69.98642285664876
727,43,43.0,70.92038105809411,0.0,0.05,70.90465616625409
728,120,120.0,70.04502150217692,0.0,0.05,70.02141284942627
729,19,19.0,70.8444844296104,0.0,0.05,70.81927249306126
730,32,32.0,70.90935206413269,0.0,0.05,70.86494207382202
731,116,116.0,69.73354369196399,0.0,0.05,69.70611075697273
732,92,92.0,69.40700232464334,0.0,0.05,69.37860625723134
733,15,15.0,70.85706278483073,0.0,0.05,70.83473612467448
734,136,136.0,70.05091117410099,0.0,0.05,70.02680105321548
735,120,120.0,69.52731218338013,0.0,0.05,69.49826211929322
736,59,59.0,70.96562970694849,0.0,0.05,70.95655176195048
737,38,38.0,70.95947265625,0.0,0.05,70.93865424708316
738,32,32.0,70.95625805854797,0.0,0.05,70.93195295333862
739,107,107.0,67.5686257977352,0.0,0.05,67.54213828684014
740,106,106.0,69.57808411796138,0.0,0.05,69.55254601532559
741,106,106.0,69.26733297671912,0.0,0.05,69.23883261770573
742,112,112.0,69.53386892591205,0.0,0.05,69.50415972300938
743,107,107.0,68.90558856001525,0.0,0.05,68.87810341665678
744,120,120.0,69.32460304896037,0.0,0.05,69.29404843648275
745,56,56.0,70.98829065050397,0.0,0.05,70.97417068481445
746,24,24.0,70.93708101908366,0.0,0.05,70.91413879394531
747,38,38.0,70.99316125167043,0.0,0.05,70.96977314196135
748,33,33.0,70.9732955007842,0.0,0.05,70.95915892629912
749,94,94.0,68.67790396670078,0.0,0.05,68.65326061654598
750,81,81.0,64.84772288946458,0.0,0.05,64.81843769403152
751,129,129.0,52.121040969856026,0.0,0.05,52.096852103407066
752,104,104.0,67.18516148053683,0.0,0.05,67.15766030091505
753,153,153.0,52.86969516168233,0.0,0.05,52.84023664940416
754,153,153.0,53.70363935263328,0.0,0.05,53.672531215632276
755,169,169.0,54.92499558953844,0.0,0.05,54.89652458203615
756,56,56.0,70.9832181930542,0.0,0.05,70.95809773036412
757,205,205.0,57.88642938573186,0.0,0.05,57.86021550137822
758,144,144.0,56.28963277902868,0.0,0.05,56.26150493986077
759,16,16.0,70.9295802116394,0.0,0.05,70.90603160858154
760,159,159.0,51.212378124583445,0.0,0.05,51.188999523156845
761,147,147.0,51.807458179743115,0.0,0.05,51.77477928975812
762,129,129.0,44.76494539384694,0.0,0.05,44.7381643357203
763,122,122.0,49.459101723842934,0.0,0.05,49.429035252234975
764,118,118.0,48.983411264116484,0.0,0.05,48.95758281723928
765,45,45.0,70.94433339436848,0.0,0.05,70.91531931559244
766,133,133.0,54.718681074846955,0.0,0.05,54.68365711780419
767,125,125.0,55.23965565681458,0.0,0.05,55.19152350234985
768,20,20.0,70.77341957092285,0.0,0.05,70.7579418182373
769,158,158.0,57.5324305590195,0.0,0.05,57.5080939486057
770,189,189.0,56.50250117334897,0.0,0.05,56.45558215338717
771,48,48.0,70.05624643961589,0.0,0.05,70.00237528483073
772,78,78.0,70.33589778802333,0.0,0.05,70.30044545882788
773,41,41.0,70.027326630383,0.0,0.05,69.96046150021436
774,35,35.0,70.70651157924107,0.0,0.05,70.64620056152344
775,27,27.0,70.8273846661603,0.0,0.05,70.81068335639105
776,160,160.0,61.83748652935028,0.0,0.05,61.79958758354187
777,132,132.0,56.8745830709284,0.0,0.05,56.79590330701886
778,17,17.0,70.65686573701747,0.0,0.05,70.6175801894244
779,66,66.0,70.689659465443,0.0,0.05,70.66294745242956
780,193,193.0,63.23344019163458,0.0,0.05,63.18364414155792
781,149,149.0,64.47833344120308,0.0,0.05,64.42637749486322
782,131,131.0,61.52117627267619,0.0,0.05,61.44499279342535
783,165,165.0,64.95681096857244,0.0,0.05,64.89578438961145
784,156,156.0,61.67647395989834,0.0,0.05,61.58529661863278
785,187,187.0,58.192327621786355,0.0,0.05,58.08904453012395
786,246,246.0,64.8566611375266,0.0,0.05,64.81197163341491
787,340,340.0,54.03220034390688,0.0,0.05,53.99580424489344
788,325,325.0,49.76247096153406,0.0,0.05,49.73894379652464
789,500,500.0,68.62176638031006,0.0012674271229404308,0.05,68.60642723083497
790,500,500.0,59.57270336151123,0.002531645569620253,0.05,59.53929469299317
791,376,376.0,47.00009271312267,0.0025284450063211127,0.05,46.93627988784871
792,439,439.0,51.81135276781399,0.0025252525252525255,0.05,51.75351295927391
793,38,38.0,70.1020477696469,0.0025220680958385876,0.05,70.08811910528885
794,392,392.0,46.770114860972576,0.0025188916876574307,0.05,46.69565591033624
795,408,408.0,51.30643001490948,0.0025157232704402514,0.05,51.231829231860594
796,38,38.0,69.84358797575298,0.002512562814070352,0.05,69.83033792596115
797,33,33.0,69.84581571636778,0.002509410288582183,0.05,69.83119640928327
798,22,22.0,69.83386993408203,0.002506265664160401,0.05,69.81356360695578
799,409,409.0,47.55739086589487,0.0025031289111389237,0.05,47.471425301288335
800,21,21.0,69.69760022844586,0.0025,0.05,69.68014272054036
801,14,14.0,69.67766898018974,0.0024968789013732834,0.05,69.65441785539899
802,48,48.0,69.67986377080281,0.0024937655860349127,0.05,69.67011308670044
803,18,18.0,69.64479446411133,0.0024906600249066002,0.05,69.62260860866971
804,385,385.0,45.221130559351536,0.0024875621890547263,0.05,45.115118195174574
805,20,20.0,69.4893928527832,0.002484472049689441,0.05,69.4682243347168
806,35,35.0,69.47872009277344,0.0024813895781637717,0.05,69.46495317731585
807,45,45.0,69.47723693847657,0.0024783147459727386,0.05,69.46564263237848
808,25,25.0,69.46254821777343,0.0024752475247524753,0.05,69.44406433105469
809,24,24.0,69.4424393971761,0.002472187886279357,0.05,69.420760790507
810,38,38.0,69.45582861649363,0.0024691358024691358,0.05,69.44025822689659
811,38,38.0,69.44339832506682,0.002466091245376079,0.05,69.42925704152961
812,31,31.0,69.39595917732485,0.0024630541871921183,0.05,69.37529779249623
813,466,466.0,49.19031382630311,0.0024600246002460025,0.05,49.098561716693666
814,17,17.0,69.24582043816062,0.002457002457002457,0.05,69.22196152630974
815,23,23.0,69.23290551227072,0.00245398773006135,0.05,69.21775320301886
816,51,51.0,69.21617500454772,0.0024509803921568627,0.05,69.20450846354167
817,46,46.0,69.1986780581267,0.0024479804161566705,0.05,69.17072627855384
818,26,26.0,69.12281271127554,0.0024449877750611247,0.05,69.09180127657376
819,483,483.0,50.09860499996083,0.002442002442002442,0.05,50.009347078469474
820,30,30.0,68.9974853515625,0.0024390243902439024,0.05,68.98034032185872
821,14,14.0,68.97389766148159,0.00243605359317905,0.05,68.95464760916573
822,22,22.0,68.95598220825195,0.0024330900243309003,0.05,68.92724817449397
823,13,13.0,68.89335280198317,0.002430133657351154,0.05,68.854126563439
824,20,20.0,68.95280227661132,0.0024271844660194173,0.05,68.93931732177734
825,54,54.0,68.94544121071145,0.0024242424242424242,0.05,68.92968198988173
826,20,20.0,68.93336715698243,0.002421307506053269,0.05,68.91117973327637
827,32,32.0,69.03814721107483,0.0024183796856106408,0.05,68.99735951423645
828,36,36.0,69.0069768693712,0.0024154589371980675,0.05,68.97736888461642
829,42,42.0,68.9728502546038,0.0024125452352231603,0.05,68.94489651634579
830,20,20.0,68.87265434265137,0.0024096385542168677,0.05,68.84524726867676
831,24,24.0,68.85521666208903,0.0024067388688327317,0.05,68.83177630106609
832,32,32.0,68.87426161766052,0.002403846153846154,0.05,68.8613486289978
833,500,500.0,55.95858592987061,0.003601440576230492,0.05,55.874876167297366
834,500,500.0,51.71964656066895,0.004796163069544364,0.05,51.59120077514648
835,500,500.0,55.227119438171385,0.005988023952095809,0.05,55.11920648956299
836,500,500.0,56.211078941345214,0.007177033492822967,0.05,56.1005947189331
837,17,17.0,67.97197095085593,0.007168458781362007,0.05,67.94209469065947
838,48,48.0,67.9892331759135,0.007159904534606206,0.05,67.94606351852417
839,51,51.0,67.99522250306373,0.007151370679380214,0.05,67.95477818507774
840,26,26.0,67.94714707594652,0.007142857142857143,0.05,67.91704412607046
841,34,34.0,67.91576430376838,0.007134363852556481,0.05,67.90273733700023
842,46,46.0,67.94452302352242,0.007125890736342043,0.05,67.89681359995966
843,500,500.0,59.2092568359375,0.00830367734282325,0.05,59.106973739624024
844,38,38.0,67.51552180240029,0.008293838862559242,0.05,67.48301134611431
845,45,45.0,67.59031643337674,0.008284023668639054,0.05,67.56673634847006
846,43,43.0,67.43828848905342,0.008274231678486997,0.05,67.4039720047352
847,43,43.0,67.4918617425963,0.008264462809917356,0.05,67.45219172987827
848,500,500.0,61.07587415313721,0.009433962264150943,0.05,60.99414968109131
849,500,500.0,63.45507586669922,0.01060070671378092,0.05,63.38971080780029
850,62,62.0,66.74527845075053,0.010588235294117647,0.05,66.70916249675136
851,89,89.0,66.89087076937214,0.010575793184488837,0.05,66.87528168753292
852,45,45.0,66.58888863457574,0.01056338028169014,0.05,66.54576076931424
853,15,15.0,66.7794896443685,0.010550996483001172,0.05,66.73757476806641
854,201,201.0,66.74914691222841,0.01053864168618267,0.05,66.72656417011622
855,500,500.0,64.73355825042725,0.011695906432748537,0.05,64.64917363739013
856,500,500.0,65.6896544342041,0.012850467289719626,0.05,65.60900041198731
857,34,34.0,66.20457952162799,0.012835472578763127,0.05,66.17523081162396
858,25,25.0,66.17038604736328,0.01282051282051282,0.05,66.14807098388673
859,500,500.0,66.0779083404541,0.013969732246798603,0.05,65.99804866027831
860,500,500.0,66.16801750183106,0.015116279069767442,0.05,66.11618377685546
861,18,18.0,66.10859044392903,0.015098722415795587,0.05,66.07281663682726
862,500,500.0,65.85920877838134,0.016241299303944315,0.05,65.76664582824706
863,500,500.0,66.36393339538574,0.01738122827346466,0.05,66.29945007324218
864,17,17.0,66.31605709300322,0.017361111111111112,0.05,66.22887241139131
865,500,500.0,66.55108100891113,0.018497109826589597,0.05,66.46695108032226
866,500,500.0,66.85301113891602,0.019630484988452657,0.05,66.79516845703125
867,500,500.0,67.0763956604004,0.020761245674740483,0.05,67.00906802368164
868,500,500.0,67.28114030456543,0.021889400921658985,0.05,67.21014602661133
869,500,500.0,67.64957015991212,0.023014959723820484,0.05,67.59380955505371
870,500,500.0,67.95248182678223,0.02413793103448276,0.05,67.90507984924317
871,500,500.0,68.20440451049805,0.02525832376578645,0.05,68.16400193786622
872,500,500.0,68.47592353820801,0.026376146788990827,0.05,68.4397532043457
873,500,500.0,68.74741845703124,0.027491408934707903,0.05,68.71126222229005
874,500,500.0,69.0803050994873,0.028604118993135013,0.05,69.05862171936035
875,500,500.0,69.34237815856933,0.029714285714285714,0.05,69.32406690979003
876,46,46.0,69.43486736131752,0.02968036529680365,0.05,69.39530231641686
877,500,500.0,69.62092378234863,0.03078677309007982,0.05,69.60377305603028
878,500,500.0,69.86110214233399,0.03189066059225513,0.05,69.84318562316895
879,500,500.0,70.09922409057617,0.03299203640500569,0.05,70.08381262207031
880,500,500.0,70.32656796264648,0.03409090909090909,0.05,70.30857861328126
881,500,500.0,70.54858235168457,0.03518728717366629,0.05,70.53225846862793
882,500,500.0,70.76780950927734,0.036281179138321996,0.05,70.75142109680176
883,500,500.0,70.97380485534669,0.03737259343148358,0.05,70.95747813415527
884,500,500.0,71.16960266113281,0.038461538461538464,0.05,71.15501727294922
885,500,500.0,71.32976940917969,0.03954802259887006,0.05,71.30049403381348
886,500,500.0,71.5322347869873,0.040632054176072234,0.05,71.50579632568359
887,500,500.0,71.71573927307129,0.04171364148816235,0.05,71.68735842895508
888,500,500.0,71.89785847473145,0.04279279279279279,0.05,71.8758627319336
889,500,500.0,72.07227851867675,0.043869516310461196,0.05,72.05525494384766
890,500,500.0,72.24081854248047,0.0449438202247191,0.05,72.22173280334472
891,459,459.0,72.38557076713877,0.04489337822671156,0.05,72.36567639785135
892,500,500.0,72.53947883605957,0.04596412556053812,0.05,72.51856129455567
893,500,500.0,72.678482421875,0.04703247480403135,0.05,72.6561597442627
894,500,500.0,72.81353964233398,0.04809843400447427,0.05,72.78421408081054
895,500,500.0,72.96857841491699,0.049162011173184354,0.05,72.94696282958985
896,500,500.0,73.09158250427247,0.05022321428571429,0.05,73.06638540649413
897,500,500.0,74.26513525390625,0.05128205128205128,0.05,74.24449435424805
898,333,333.0,73.36096374695008,0.051224944320712694,0.05,73.33785561684732
899,500,500.0,73.45415049743653,0.05228031145717464,0.05,73.43414689636231
900,500,500.0,73.595946975708,0.05333333333333334,0.05,73.57149484252929
901,500,500.0,73.73056307983398,0.05438401775804662,0.05,73.71087474060059
902,500,500.0,73.84079272460937,0.05543237250554324,0.05,73.82399658203126
903,500,500.0,73.95234893798828,0.05647840531561462,0.05,73.93698455810546
904,500,500.0,74.05341969299316,0.05752212389380531,0.05,74.04092161560058
905,500,500.0,74.1554811553955,0.05856353591160221,0.05,74.14170930480957
906,500,500.0,74.2314192352295,0.059602649006622516,0.05,74.21215293884278
907,500,500.0,74.34839283752441,0.06063947078280044,0.05,74.33110313415527
908,500,500.0,74.4373062286377,0.06167400881057269,0.05,74.41966250610352
909,500,500.0,74.51153224182129,0.0627062706270627,0.05,74.48718208312988
910,500,500.0,74.59482061767578,0.06373626373626373,0.05,74.56907388305665
911,500,500.0,74.69118608093262,0.06476399560922064,0.05,74.6707007446289
912,500,500.0,74.77661692810058,0.06578947368421052,0.05,74.76041432189942
913,326,326.0,74.83147964009478,0.06571741511500548,0.05,74.81649433908287
914,237,237.0,74.8717203260977,0.06564551422319474,0.05,74.8505529089819
915,500,500.0,74.95761108398438,0.06666666666666667,0.05,74.92122732543945
916,65,65.0,74.96117706298828,0.0665938864628821,0.05,74.95390812800481
917,500,500.0,75.02039178466796,0.06761177753544166,0.05,74.99998165893555
918,500,500.0,75.0977975769043,0.06862745098039216,0.05,75.0805200958252
919,500,500.0,75.16885029602051,0.06964091403699674,0.05,75.14618893432618
920,500,500.0,75.23662413024903,0.07065217391304347,0.05,75.22383929443359
921,500,500.0,75.26628698730468,0.07166123778501629,0.05,75.24568798828125
922,439,439.0,75.35840396403181,0.07158351409978309,0.05,75.34399815518113
923,500,500.0,75.41316436767578,0.07258938244853738,0.05,75.39619136047364
924,263,263.0,75.45682229741898,0.07251082251082251,0.05,75.44437042932546
925,500,500.0,75.50062103271485,0.07351351351351351,0.05,75.48071903991699
926,206,206.0,75.52671380644863,0.0734341252699784,0.05,75.50905031370885
927,68,68.0,75.51898821662454,0.07335490830636461,0.05,75.50227389616124
928,500,500.0,75.50246258544922,0.07435344827586207,0.05,75.47801889038087
929,500,500.0,75.63416545104981,0.07534983853606028,0.05,75.61678361511231
930,291,291.0,75.676690589931,0.07526881720430108,0.05,75.66022672358247
931,500,500.0,75.71397694396973,0.07626208378088077,0.05,75.6968130493164
932,128,128.0,75.73430860042572,0.07618025751072961,0.05,75.71946066617966
933,286,286.0,75.76343883167614,0.07609860664523044,0.05,75.75186762776409
934,155,155.0,75.7845216812626,0.07601713062098502,0.05,75.77182257867628
935,245,245.0,75.71150687081473,0.07593582887700535,0.05,75.67906391377352
936,283,283.0,75.81655932315246,0.07585470085470085,0.05,75.8038014927517
937,500,500.0,75.85612828063965,0.0768409818569904,0.05,75.84026821899414
938,370,370.0,75.89473662505279,0.0767590618336887,0.05,75.88387484163852
939,500,500.0,75.92418782043457,0.0777422790202343,0.05,75.90507804870606
940,500,500.0,75.96338893127441,0.07872340425531915,0.05,75.95025231933593
941,482,482.0,75.99184382901647,0.07863974495217853,0.05,75.97633597662835
942,500,500.0,76.0262703704834,0.07961783439490445,0.05,76.01097055053711
943,270,270.0,76.04735178064416,0.07953340402969247,0.05,76.03382362083153
944,199,199.0,76.05254831745397,0.07944915254237288,0.05,76.0358940776269
945,500,500.0,76.08936494445801,0.08042328042328042,0.05,76.07334837341308
946,52,52.0,76.10276545011081,0.080338266384778,0.05,76.08379598764273
947,500,500.0,76.11682789611817,0.08130939809926083,0.05,76.09690734863281
948,256,256.0,76.1383161842823,0.08122362869198312,0.05,76.12465038895607
949,328,328.0,76.1570519470587,0.08113804004214963,0.05,76.14336383633497
950,336,336.0,76.15262145087833,0.08105263157894736,0.05,76.1403364453997
951,217,217.0,76.18391537995932,0.08096740273396424,0.05,76.16974028134676
952,500,500.0,76.20367781066895,0.0819327731092437,0.05,76.19293693542481
953,300,300.0,76.2180573018392,0.08184679958027283,0.05,76.20481979370118
954,245,245.0,76.2311879994918,0.08176100628930817,0.05,76.21681194694675
955,281,281.0,76.24759619770525,0.08167539267015707,0.05,76.23301246072899
956,498,498.0,76.26136997330141,0.08158995815899582,0.05,76.24807592185147
957,264,264.0,76.2760542378281,0.08150470219435736,0.05,76.26356708642209
958,478,478.0,76.29159541110114,0.081419624217119,0.05,76.27880897681584
959,465,465.0,76.31542071270687,0.08133472367049009,0.05,76.30233024679204
960,70,70.0,76.33111190795898,0.08125,0.05,76.318310546875
961,500,500.0,76.33916561889649,0.08220603537981269,0.05,76.32681872558594
962,207,207.0,76.33404928013898,0.08212058212058213,0.05,76.3083176912317
963,500,500.0,76.34316317749024,0.08307372793354102,0.05,76.33006304931641
964,500,500.0,76.38451107788086,0.08402489626556017,0.05,76.36904527282715
965,279,279.0,76.39670688533441,0.08393782383419689,0.05,76.3859385281908
966,344,344.0,76.40520308738532,0.08385093167701864,0.05,76.39182372425877
967,317,317.0,76.41522344354576,0.08376421923474664,0.05,76.40088961628334
968,109,109.0,76.42913167411034,0.08367768595041322,0.05,76.41547722772721
969,500,500.0,76.42835153198243,0.0846233230134159,0.05,76.41467387390136
970,150,150.0,76.44870493570964,0.08453608247422681,0.05,76.43811462402344
971,279,279.0,76.45507495292199,0.08444902162718847,0.05,76.44338704864612
972,133,133.0,76.46152616802014,0.08436213991769548,0.05,76.44833867352708
973,232,232.0,76.46694288582637,0.0842754367934224,0.05,76.45606948589456
974,140,140.0,76.4796142578125,0.08418891170431211,0.05,76.46427383422852
975,232,232.0,76.47801757680959,0.0841025641025641,0.05,76.4545564322636
976,500,500.0,76.49106773376465,0.08504098360655737,0.05,76.47779776000976
977,126,126.0,76.4919304620652,0.0849539406345957,0.05,76.47632326398578
978,58,58.0,76.50393045359644,0.08486707566462168,0.05,76.49156794054755
979,237,237.0,76.50273772935827,0.08478038815117467,0.05,76.48819446161326
980,160,160.0,76.51288070678712,0.08469387755102041,0.05,76.5004096031189
981,149,149.0,76.51835673287411,0.08460754332313965,0.05,76.50648134986827
982,63,63.0,76.52515011742001,0.0845213849287169,0.05,76.51203191848029
983,140,140.0,76.51978906903948,0.0844354018311292,0.05,76.50603664943151
984,244,244.0,76.51786916764055,0.08434959349593496,0.05,76.50405471051326
985,132,132.0,76.53458572156501,0.08426395939086294,0.05,76.52303169712876
986,500,500.0,76.52027195739745,0.08519269776876268,0.05,76.50406312561036
987,271,271.0,76.54423354032734,0.0851063829787234,0.05,76.5297001912585
988,68,68.0,76.54884832045612,0.08502024291497975,0.05,76.53585377861472
989,500,500.0,76.55950738525391,0.0859453993933266,0.05,76.5447904510498
990,18,18.0,76.54892815483942,0.08585858585858586,0.05,76.5370356241862
991,54,54.0,76.56509060329861,0.08577194752774975,0.05,76.54893027411566
992,182,182.0,76.56566204867521,0.08568548387096774,0.05,76.55072096939925
993,322,322.0,76.5641573319524,0.08559919436052367,0.05,76.55128099903557
994,70,70.0,76.57282333374023,0.08551307847082495,0.05,76.55812388828822
995,126,126.0,76.5750119042775,0.08542713567839195,0.05,76.55838993617466
996,78,78.0,76.5781473013071,0.0853413654618474,0.05,76.56366494985727
997,122,122.0,76.58350309778433,0.08525576730190572,0.05,76.57140400370614
998,53,53.0,76.58068588544738,0.08517034068136273,0.05,76.56387530632739
999,218,218.0,76.5871989048949,0.08508508508508508,0.05,76.57351663571978
1000,102,102.0,76.58622644461838,0.085,0.05,76.57725891412473
